CALLER,SVLEN,SVTYPE,SIMPLE_TYPE,GT
.,-820,DEL,DEL,./.
.,-1377,DEL,DEL,./.
.,-845,DEL,DEL,./.
.,-748,DEL,DEL,./.
.,2819,DUP,DUP,./.
.,-2159,DEL,DEL,./.
.,391,DUP,DUP,./.
.,1159,DUP,DUP,./.
.,-7415,DEL,DEL,./.
.,-8080,DEL,DEL,./.
.,2073,DUP,DUP,./.
.,-7837,DEL,DEL,./.
.,810,DUP,DUP,./.
.,-1074,DEL,DEL,./.
.,539,DUP,DUP,./.
.,591,DUP,DUP,./.
.,-1045,DEL,DEL,./.
.,-1934,DEL,DEL,./.
.,1903,DUP,DUP,./.
.,-794,DEL,DEL,./.
.,3110,DUP,DUP,./.
.,-3242,DEL,DEL,./.
.,232,DUP,DUP,./.
.,-2896,DEL,DEL,./.
.,379,DUP,DUP,./.
.,-2807,DEL,DEL,./.
.,-1033,DEL,DEL,./.
.,110,INV,INV,./.
.,930,INV,INV,./.
.,-1511,DEL,DEL,./.
.,-1501,DEL,DEL,./.
.,556,DUP,DUP,./.
.,2249,INV,INV,./.
.,-1838,DEL,DEL,./.
.,-3838,DEL,DEL,./.
.,-909,DEL,DEL,./.
.,-855,DEL,DEL,./.
.,-6107,DEL,DEL,./.
.,-833,DEL,DEL,./.
.,-1285,DEL,DEL,./.
.,-6216,DEL,DEL,./.
.,1217,INV,INV,./.
.,1013,INV,INV,./.
.,-1601,DEL,DEL,./.
.,-6689,DEL,DEL,./.
.,-772,DEL,DEL,./.
.,1740,INV,INV,./.
.,-2631,DEL,DEL,./.
.,-1310,DEL,DEL,./.
.,-954,DEL,DEL,./.
.,-2426,DEL,DEL,./.
.,-895,DEL,DEL,./.
.,-3927,DEL,DEL,./.
.,-755,DEL,DEL,./.
.,-2556,DEL,DEL,./.
.,-2448,DEL,DEL,./.
.,-6095,DEL,DEL,./.
.,-3355,DEL,DEL,./.
.,3625,DUP,DUP,./.
.,-4827,DEL,DEL,./.
.,-2117,DEL,DEL,./.
.,1111,DUP,DUP,./.
.,-4730,DEL,DEL,./.
.,-1589,DEL,DEL,./.
.,-1841,DEL,DEL,./.
.,-7671,DEL,DEL,./.
.,1904,DUP,DUP,./.
.,-4641,DEL,DEL,./.
.,-783,DEL,DEL,./.
.,1773,DUP,DUP,./.
.,1106,DUP,DUP,./.
.,-1702,DEL,DEL,./.
.,3396,DUP,DUP,./.
.,950,DUP,DUP,./.
.,-1557,DEL,DEL,./.
.,-965,DEL,DEL,./.
.,-4749,DEL,DEL,./.
.,-4134,DEL,DEL,./.
.,1015,DUP,DUP,./.
.,-1026,DEL,DEL,./.
.,930,DUP,DUP,./.
.,4929,DUP,DUP,./.
.,509,DUP,DUP,./.
.,-2220,DEL,DEL,./.
.,-1568,DEL,DEL,./.
.,-2449,DEL,DEL,./.
.,-4847,DEL,DEL,./.
.,-962,DEL,DEL,./.
.,-1172,DEL,DEL,./.
.,-597,DEL,DEL,./.
.,-807,DEL,DEL,./.
.,-6040,DEL,DEL,./.
.,1924,INV,INV,./.
.,226,INV,INV,./.
.,-774,DEL,DEL,./.
.,-776,DEL,DEL,./.
.,-2752,DEL,DEL,./.
.,1196,INV,INV,./.
.,-1666,DEL,DEL,./.
.,-1494,DEL,DEL,./.
.,-1845,DEL,DEL,./.
.,-2297,DEL,DEL,./.
.,-1588,DEL,DEL,./.
.,-9612,DEL,DEL,./.
.,337,INV,INV,./.
.,5973,DUP,DUP,./.
.,633,DUP,DUP,./.
.,-870,DEL,DEL,./.
.,-3530,DEL,DEL,./.
.,-4750,DEL,DEL,./.
.,1067,DUP,DUP,./.
.,-847,DEL,DEL,./.
.,-1464,DEL,DEL,./.
.,4265,DUP,DUP,./.
.,-6103,DEL,DEL,./.
.,-849,DEL,DEL,./.
.,-1659,DEL,DEL,./.
.,-1357,DEL,DEL,./.
.,515,DUP,DUP,./.
.,-2274,DEL,DEL,./.
.,-934,DEL,DEL,./.
.,-1796,DEL,DEL,./.
.,-1019,DEL,DEL,./.
.,-996,DEL,DEL,./.
.,-6039,DEL,DEL,./.
.,-6140,DEL,DEL,./.
.,-852,DEL,DEL,./.
.,497,DUP,DUP,./.
.,6890,DUP,DUP,./.
.,5662,DUP,DUP,./.
.,-2528,DEL,DEL,./.
.,887,DUP,DUP,./.
.,790,DUP,DUP,./.
.,7230,INV,INV,./.
.,-6049,DEL,DEL,./.
.,-1686,DEL,DEL,./.
.,831,DUP,DUP,./.
.,-3576,DEL,DEL,./.
.,1850,DUP,DUP,./.
.,-3303,DEL,DEL,./.
.,2410,DUP,DUP,./.
.,-1906,DEL,DEL,./.
.,975,INV,INV,./.
.,-2167,DEL,DEL,./.
.,728,INV,INV,./.
.,1595,DUP,DUP,./.
.,-1365,DEL,DEL,./.
.,-764,DEL,DEL,./.
.,-2326,DEL,DEL,./.
.,-5317,DEL,DEL,./.
.,-2710,DEL,DEL,./.
.,-1060,DEL,DEL,./.
.,-7077,DEL,DEL,./.
.,-3023,DEL,DEL,./.
.,-642,DEL,DEL,./.
.,2666,INV,INV,./.
.,2065,INV,INV,./.
.,-1185,DEL,DEL,./.
.,-2229,DEL,DEL,./.
.,-1981,DEL,DEL,./.
.,-945,DEL,DEL,./.
.,-1144,DEL,DEL,./.
.,1131,DUP,DUP,./.
.,-2387,DEL,DEL,./.
.,-1899,DEL,DEL,./.
.,-4635,DEL,DEL,./.
.,363,DUP,DUP,./.
.,2051,DUP,DUP,./.
.,-3037,DEL,DEL,./.
.,6090,DUP,DUP,./.
.,-2389,DEL,DEL,./.
.,497,DUP,DUP,./.
.,3014,DUP,DUP,./.
.,-2032,DEL,DEL,./.
.,3591,DUP,DUP,./.
.,-2977,DEL,DEL,./.
.,661,DUP,DUP,./.
.,-8831,DEL,DEL,./.
.,3447,DUP,DUP,./.
.,1774,DUP,DUP,./.
.,4843,DUP,DUP,./.
.,-8970,DEL,DEL,./.
.,1366,DUP,DUP,./.
.,4270,DUP,DUP,./.
.,-992,DEL,DEL,./.
.,3098,DUP,DUP,./.
.,1162,DUP,DUP,./.
.,-6280,DEL,DEL,./.
.,1375,DUP,DUP,./.
.,624,INV,INV,./.
.,371,INV,INV,./.
.,-1825,DEL,DEL,./.
.,-1024,DEL,DEL,./.
.,-2312,DEL,DEL,./.
.,-881,DEL,DEL,./.
.,773,DUP,DUP,./.
.,-1152,DEL,DEL,./.
.,-8581,DEL,DEL,./.
.,-2514,DEL,DEL,./.
.,937,INV,INV,./.
.,533,INV,INV,./.
.,3166,DUP,DUP,./.
.,572,INV,INV,./.
.,-3640,DEL,DEL,./.
.,-4123,DEL,DEL,./.
.,-1440,DEL,DEL,./.
.,-3413,DEL,DEL,./.
.,-3408,DEL,DEL,./.
.,-2521,DEL,DEL,./.
.,4117,DUP,DUP,./.
.,-1771,DEL,DEL,./.
.,-1174,DEL,DEL,./.
.,-2434,DEL,DEL,./.
.,-3262,DEL,DEL,./.
.,-6109,DEL,DEL,./.
.,-6396,DEL,DEL,./.
.,-1754,DEL,DEL,./.
.,3236,INV,INV,./.
.,-9308,DEL,DEL,./.
.,-1307,DEL,DEL,./.
.,-2804,DEL,DEL,./.
.,-2292,DEL,DEL,./.
.,-1523,DEL,DEL,./.
.,-2094,DEL,DEL,./.
.,-2481,DEL,DEL,./.
.,-4788,DEL,DEL,./.
.,-1002,DEL,DEL,./.
.,-5752,DEL,DEL,./.
.,-3990,DEL,DEL,./.
.,-816,DEL,DEL,./.
.,408,DUP,DUP,./.
.,915,DUP,DUP,./.
.,-812,DEL,DEL,./.
.,895,DUP,DUP,./.
.,656,DUP,DUP,./.
.,-937,DEL,DEL,./.
.,-1248,DEL,DEL,./.
.,414,DUP,DUP,./.
.,-7444,DEL,DEL,./.
.,-2618,DEL,DEL,./.
.,-4473,DEL,DEL,./.
.,-1173,DEL,DEL,./.
.,-870,DEL,DEL,./.
.,-1037,DEL,DEL,./.
.,1654,DUP,DUP,./.
.,-4042,DEL,DEL,./.
.,-1363,DEL,DEL,./.
.,-1328,DEL,DEL,./.
.,8720,INV,INV,./.
.,-5832,DEL,DEL,./.
.,-1202,DEL,DEL,./.
.,-989,DEL,DEL,./.
.,-744,DEL,DEL,./.
.,-2438,DEL,DEL,./.
.,1231,INV,INV,./.
.,-2772,DEL,DEL,./.
.,-985,DEL,DEL,./.
.,-761,DEL,DEL,./.
.,648,DUP,DUP,./.
.,-3092,DEL,DEL,./.
.,-5481,DEL,DEL,./.
.,-8173,DEL,DEL,./.
.,-2022,DEL,DEL,./.
.,-865,DEL,DEL,./.
.,-2144,DEL,DEL,./.
.,-1291,DEL,DEL,./.
.,-2222,DEL,DEL,./.
.,-2451,DEL,DEL,./.
.,-3275,DEL,DEL,./.
.,942,DUP,DUP,./.
.,742,DUP,DUP,./.
.,-998,DEL,DEL,./.
.,-8752,DEL,DEL,./.
.,2609,DUP,DUP,./.
.,-4093,DEL,DEL,./.
.,-3327,DEL,DEL,./.
.,-953,DEL,DEL,./.
.,-2183,DEL,DEL,./.
.,-897,DEL,DEL,./.
.,-715,DEL,DEL,./.
.,-783,DEL,DEL,./.
.,-891,DEL,DEL,./.
.,-5531,DEL,DEL,./.
.,-779,DEL,DEL,./.
.,-5192,DEL,DEL,./.
.,-983,DEL,DEL,./.
.,-4223,DEL,DEL,./.
.,-5297,DEL,DEL,./.
.,-9672,DEL,DEL,./.
.,4760,DUP,DUP,./.
.,-4007,DEL,DEL,./.
.,-1418,DEL,DEL,./.
.,-1526,DEL,DEL,./.
.,-700,DEL,DEL,./.
.,-6516,DEL,DEL,./.
.,-4191,DEL,DEL,./.
.,-4139,DEL,DEL,./.
.,-900,DEL,DEL,./.
.,-1573,DEL,DEL,./.
.,-4252,DEL,DEL,./.
.,-928,DEL,DEL,./.
.,-3252,DEL,DEL,./.
.,-957,DEL,DEL,./.
.,378,INV,INV,./.
.,-1848,DEL,DEL,./.
.,-801,DEL,DEL,./.
.,-1503,DEL,DEL,./.
.,-3002,DEL,DEL,./.
.,423,DUP,DUP,./.
.,1830,DUP,DUP,./.
.,-1014,DEL,DEL,./.
.,-975,DEL,DEL,./.
.,-881,DEL,DEL,./.
.,8611,DUP,DUP,./.
.,-1698,DEL,DEL,./.
.,-1767,DEL,DEL,./.
.,-144,DEL,DEL,./.
.,1059,DUP,DUP,./.
.,-1028,DEL,DEL,./.
.,-4683,DEL,DEL,./.
.,918,DUP,DUP,./.
.,2377,DUP,DUP,./.
.,-2788,DEL,DEL,./.
.,-1098,DEL,DEL,./.
.,2330,DUP,DUP,./.
.,-4092,DEL,DEL,./.
.,844,DUP,DUP,./.
.,-3371,DEL,DEL,./.
.,614,DUP,DUP,./.
.,-1715,DEL,DEL,./.
.,-879,DEL,DEL,./.
.,-609,DEL,DEL,./.
.,-5243,DEL,DEL,./.
.,-1318,DEL,DEL,./.
.,-1085,DEL,DEL,./.
.,-6085,DEL,DEL,./.
.,-6096,DEL,DEL,./.
.,-1585,DEL,DEL,./.
.,-6209,DEL,DEL,./.
.,-1052,DEL,DEL,./.
.,-4215,DEL,DEL,./.
.,-1231,DEL,DEL,./.
.,-1327,DEL,DEL,./.
.,-1119,DEL,DEL,./.
.,337,DUP,DUP,./.
.,-2230,DEL,DEL,./.
.,1167,DUP,DUP,./.
.,7968,DUP,DUP,./.
.,5514,DUP,DUP,./.
.,-4223,DEL,DEL,./.
.,-9483,DEL,DEL,./.
.,-1566,DEL,DEL,./.
.,1257,DUP,DUP,./.
.,9357,DUP,DUP,./.
.,-6488,DEL,DEL,./.
.,7418,DUP,DUP,./.
.,1862,DUP,DUP,./.
.,-9490,DEL,DEL,./.
.,-6523,DEL,DEL,./.
.,6182,DUP,DUP,./.
.,1355,DUP,DUP,./.
.,7144,DUP,DUP,./.
.,-5606,DEL,DEL,./.
.,7255,DUP,DUP,./.
.,9881,DUP,DUP,./.
.,-5648,DEL,DEL,./.
.,-7078,DEL,DEL,./.
.,-8926,DEL,DEL,./.
.,845,DUP,DUP,./.
.,1616,DUP,DUP,./.
.,2817,DUP,DUP,./.
.,-1299,DEL,DEL,./.
.,-2352,DEL,DEL,./.
.,6227,DUP,DUP,./.
.,-9920,DEL,DEL,./.
.,8684,DUP,DUP,./.
.,-1454,DEL,DEL,./.
.,-7934,DEL,DEL,./.
.,8108,DUP,DUP,./.
.,-7988,DEL,DEL,./.
.,6789,DUP,DUP,./.
.,2761,DUP,DUP,./.
.,737,DUP,DUP,./.
.,-1733,DEL,DEL,./.
.,879,DUP,DUP,./.
.,-5793,DEL,DEL,./.
.,5299,DUP,DUP,./.
.,-4663,DEL,DEL,./.
.,2259,DUP,DUP,./.
.,7279,DUP,DUP,./.
.,-5244,DEL,DEL,./.
.,2757,DUP,DUP,./.
.,-4568,DEL,DEL,./.
.,5425,DUP,DUP,./.
.,-6159,DEL,DEL,./.
.,-6961,DEL,DEL,./.
.,-1473,DEL,DEL,./.
.,5517,DUP,DUP,./.
.,6574,DUP,DUP,./.
.,-2148,DEL,DEL,./.
.,3350,DUP,DUP,./.
.,-5661,DEL,DEL,./.
.,5806,DUP,DUP,./.
.,-9664,DEL,DEL,./.
.,8726,DUP,DUP,./.
.,1472,DUP,DUP,./.
.,-8581,DEL,DEL,./.
.,5199,DUP,DUP,./.
.,2031,DUP,DUP,./.
.,-6560,DEL,DEL,./.
.,6799,DUP,DUP,./.
.,-6037,DEL,DEL,./.
.,-3081,DEL,DEL,./.
.,-2579,DEL,DEL,./.
.,-736,DEL,DEL,./.
.,-990,DEL,DEL,./.
.,-1451,DEL,DEL,./.
.,1321,DUP,DUP,./.
.,-1598,DEL,DEL,./.
.,1676,DUP,DUP,./.
.,-5345,DEL,DEL,./.
.,-6094,DEL,DEL,./.
.,-6065,DEL,DEL,./.
.,-2079,DEL,DEL,./.
.,-5810,DEL,DEL,./.
.,-6039,DEL,DEL,./.
.,9308,INV,INV,./.
.,-2459,DEL,DEL,./.
.,-6113,DEL,DEL,./.
.,-2185,DEL,DEL,./.
.,-4280,DEL,DEL,./.
.,2424,DUP,DUP,./.
.,1019,INV,INV,./.
.,-5971,DEL,DEL,./.
.,-6058,DEL,DEL,./.
.,-4923,DEL,DEL,./.
.,3296,DUP,DUP,./.
.,-937,DEL,DEL,./.
.,-2661,DEL,DEL,./.
.,-2583,DEL,DEL,./.
.,-829,DEL,DEL,./.
.,-6785,DEL,DEL,./.
.,2954,INV,INV,./.
.,-3887,DEL,DEL,./.
.,-2804,DEL,DEL,./.
.,-1103,DEL,DEL,./.
.,-6053,DEL,DEL,./.
.,-1620,DEL,DEL,./.
.,-2700,DEL,DEL,./.
.,-1059,DEL,DEL,./.
.,-4368,DEL,DEL,./.
.,-2280,DEL,DEL,./.
.,-3462,DEL,DEL,./.
.,-1638,DEL,DEL,./.
.,-913,DEL,DEL,./.
.,1303,DUP,DUP,./.
.,-992,DEL,DEL,./.
.,-832,DEL,DEL,./.
.,-3658,DEL,DEL,./.
.,7021,INV,INV,./.
.,-5904,DEL,DEL,./.
.,-834,DEL,DEL,./.
.,8431,INV,INV,./.
.,7989,INV,INV,./.
.,-2394,DEL,DEL,./.
.,-6023,DEL,DEL,./.
.,-5044,DEL,DEL,./.
.,-4293,DEL,DEL,./.
.,-2861,DEL,DEL,./.
.,-1487,DEL,DEL,./.
.,-1501,DEL,DEL,./.
.,-2437,DEL,DEL,./.
.,-755,DEL,DEL,./.
.,-3631,DEL,DEL,./.
.,3118,DUP,DUP,./.
.,-887,DEL,DEL,./.
.,-6292,DEL,DEL,./.
.,-672,DEL,DEL,./.
.,-8895,DEL,DEL,./.
.,-995,DEL,DEL,./.
.,1102,DUP,DUP,./.
.,-3263,DEL,DEL,./.
.,-1275,DEL,DEL,./.
.,1570,DUP,DUP,./.
.,527,DUP,DUP,./.
.,-683,DEL,DEL,./.
.,-537,DEL,DEL,./.
.,-795,DEL,DEL,./.
.,-2038,DEL,DEL,./.
.,1387,DUP,DUP,./.
.,-2453,DEL,DEL,./.
.,602,DUP,DUP,./.
.,775,DUP,DUP,./.
.,-1183,DEL,DEL,./.
.,329,DUP,DUP,./.
.,-944,DEL,DEL,./.
.,2101,INV,INV,./.
.,3188,INV,INV,./.
.,-1053,DEL,DEL,./.
.,-1097,DEL,DEL,./.
.,-1536,DEL,DEL,./.
.,813,DUP,DUP,./.
.,-2909,DEL,DEL,./.
.,-5196,DEL,DEL,./.
.,2020,INV,INV,./.
.,317,INV,INV,./.
.,-3116,DEL,DEL,./.
.,-1845,DEL,DEL,./.
.,-5181,DEL,DEL,./.
.,-5081,DEL,DEL,./.
.,-1059,DEL,DEL,./.
.,-6095,DEL,DEL,./.
.,-1957,DEL,DEL,./.
.,-1759,DEL,DEL,./.
.,3521,INV,INV,./.
.,-7174,DEL,DEL,./.
.,-2321,DEL,DEL,./.
.,-1189,DEL,DEL,./.
.,-2366,DEL,DEL,./.
.,-6040,DEL,DEL,./.
.,-1693,DEL,DEL,./.
.,-883,DEL,DEL,./.
.,-9529,DEL,DEL,./.
.,-1388,DEL,DEL,./.
.,-2535,DEL,DEL,./.
.,-959,DEL,DEL,./.
.,-4693,DEL,DEL,./.
.,2134,DUP,DUP,./.
.,-1957,DEL,DEL,./.
.,-949,DEL,DEL,./.
.,-3579,DEL,DEL,./.
.,1419,INV,INV,./.
.,835,INV,INV,./.
.,-1809,DEL,DEL,./.
.,-5522,DEL,DEL,./.
.,-1629,DEL,DEL,./.
.,-1309,DEL,DEL,./.
.,5172,DUP,DUP,./.
.,-9950,DEL,DEL,./.
.,9887,DUP,DUP,./.
.,-5101,DEL,DEL,./.
.,2556,DUP,DUP,./.
.,-2181,DEL,DEL,./.
.,284,INV,INV,./.
.,-900,DEL,DEL,./.
.,1132,INV,INV,./.
.,-2812,DEL,DEL,./.
.,-6019,DEL,DEL,./.
.,-1742,DEL,DEL,./.
.,-853,DEL,DEL,./.
.,8875,DUP,DUP,./.
.,-8753,DEL,DEL,./.
.,1326,INV,INV,./.
.,1023,INV,INV,./.
.,-2594,DEL,DEL,./.
.,-1848,DEL,DEL,./.
.,-1203,DEL,DEL,./.
.,-1445,DEL,DEL,./.
.,-1181,DEL,DEL,./.
.,-1938,DEL,DEL,./.
.,628,INV,INV,./.
.,-1386,DEL,DEL,./.
.,-950,DEL,DEL,./.
.,-6077,DEL,DEL,./.
.,-2687,DEL,DEL,./.
.,-6062,DEL,DEL,./.
.,221,INV,INV,./.
.,-6705,DEL,DEL,./.
.,-1282,DEL,DEL,./.
.,-2672,DEL,DEL,./.
.,636,DUP,DUP,./.
.,-1268,DEL,DEL,./.
.,661,DUP,DUP,./.
.,1904,INV,INV,./.
.,-1535,DEL,DEL,./.
.,4054,DUP,DUP,./.
.,-6120,DEL,DEL,./.
.,-5094,DEL,DEL,./.
.,-4486,DEL,DEL,./.
.,-4057,DEL,DEL,./.
.,-6045,DEL,DEL,./.
.,-731,DEL,DEL,./.
.,-6577,DEL,DEL,./.
.,-4704,DEL,DEL,./.
.,3414,DUP,DUP,./.
.,-3086,DEL,DEL,./.
.,-1239,DEL,DEL,./.
.,2949,DUP,DUP,./.
.,-1764,DEL,DEL,./.
.,424,DUP,DUP,./.
.,-608,DEL,DEL,./.
.,884,DUP,DUP,./.
.,-3200,DEL,DEL,./.
.,-1352,DEL,DEL,./.
.,-1447,DEL,DEL,./.
.,-1980,DEL,DEL,./.
.,-1684,DEL,DEL,./.
.,-955,DEL,DEL,./.
.,-1136,DEL,DEL,./.
.,-1133,DEL,DEL,./.
.,-5146,DEL,DEL,./.
.,1847,INV,INV,./.
.,1648,INV,INV,./.
.,-2042,DEL,DEL,./.
.,2028,DUP,DUP,./.
.,-6063,DEL,DEL,./.
.,-6058,DEL,DEL,./.
.,317,INV,INV,./.
.,342,INV,INV,./.
.,-1013,DEL,DEL,./.
.,-961,DEL,DEL,./.
.,-1919,DEL,DEL,./.
.,-2930,DEL,DEL,./.
.,510,DUP,DUP,./.
.,-1061,DEL,DEL,./.
.,-4191,DEL,DEL,./.
.,-6044,DEL,DEL,./.
.,4109,INV,INV,./.
.,224,INV,INV,./.
.,-6052,DEL,DEL,./.
.,-883,DEL,DEL,./.
.,-6703,DEL,DEL,./.
.,-1375,DEL,DEL,./.
.,-1014,DEL,DEL,./.
.,-3802,DEL,DEL,./.
.,-1371,DEL,DEL,./.
.,-1568,DEL,DEL,./.
.,613,DUP,DUP,./.
.,2278,DUP,DUP,./.
.,-1339,DEL,DEL,./.
.,464,DUP,DUP,./.
.,-1069,DEL,DEL,./.
.,-855,DEL,DEL,./.
.,-1206,DEL,DEL,./.
.,-2355,DEL,DEL,./.
.,-2954,DEL,DEL,./.
.,-7472,DEL,DEL,./.
.,258,INV,INV,./.
.,-1507,DEL,DEL,./.
.,404,DUP,DUP,./.
.,472,DUP,DUP,./.
.,-1356,DEL,DEL,./.
.,548,DUP,DUP,./.
.,1642,INV,INV,./.
.,-692,DEL,DEL,./.
.,1765,DUP,DUP,./.
.,-1041,DEL,DEL,./.
.,349,DUP,DUP,./.
.,-3515,DEL,DEL,./.
.,-1684,DEL,DEL,./.
.,-2597,DEL,DEL,./.
.,-6244,DEL,DEL,./.
.,-1039,DEL,DEL,./.
.,564,DUP,DUP,./.
.,1885,DUP,DUP,./.
.,345,DUP,DUP,./.
.,-1370,DEL,DEL,./.
.,-1818,DEL,DEL,./.
.,-762,DEL,DEL,./.
.,-2300,DEL,DEL,./.
.,-1958,DEL,DEL,./.
.,-1906,DEL,DEL,./.
.,-2406,DEL,DEL,./.
.,-8477,DEL,DEL,./.
.,-1475,DEL,DEL,./.
.,5223,INV,INV,./.
.,3085,INV,INV,./.
.,-2947,DEL,DEL,./.
.,-812,DEL,DEL,./.
.,1532,INV,INV,./.
.,2813,DUP,DUP,./.
.,1073,INV,INV,./.
.,352,DUP,DUP,./.
.,1423,DUP,DUP,./.
.,-1980,DEL,DEL,./.
.,-6060,DEL,DEL,./.
.,6536,INV,INV,./.
.,-2316,DEL,DEL,./.
.,-6026,DEL,DEL,./.
.,-3552,DEL,DEL,./.
.,5591,DUP,DUP,./.
.,-4717,DEL,DEL,./.
.,-1617,DEL,DEL,./.
.,1452,DUP,DUP,./.
.,-1896,DEL,DEL,./.
.,-967,DEL,DEL,./.
.,-4548,DEL,DEL,./.
.,-3451,DEL,DEL,./.
.,1138,DUP,DUP,./.
.,1436,DUP,DUP,./.
.,-1690,DEL,DEL,./.
.,-2685,DEL,DEL,./.
.,-885,DEL,DEL,./.
.,-1519,DEL,DEL,./.
.,-1669,DEL,DEL,./.
.,1550,DUP,DUP,./.
.,2474,DUP,DUP,./.
.,1723,DUP,DUP,./.
.,4305,DUP,DUP,./.
.,2636,DUP,DUP,./.
.,-912,DEL,DEL,./.
.,-6476,DEL,DEL,./.
.,6081,DUP,DUP,./.
.,-2518,DEL,DEL,./.
.,-2235,DEL,DEL,./.
.,-807,DEL,DEL,./.
.,-2488,DEL,DEL,./.
.,-1078,DEL,DEL,./.
.,-1144,DEL,DEL,./.
.,-2724,DEL,DEL,./.
.,-943,DEL,DEL,./.
.,1777,INV,INV,./.
.,1274,INV,INV,./.
.,7895,INV,INV,./.
.,7653,INV,INV,./.
.,-4000,DEL,DEL,./.
.,-2191,DEL,DEL,./.
.,-1034,DEL,DEL,./.
.,-6093,DEL,DEL,./.
.,-7609,DEL,DEL,./.
.,546,DUP,DUP,./.
.,1130,DUP,DUP,./.
.,-1006,DEL,DEL,./.
.,3590,INV,INV,./.
.,-8680,DEL,DEL,./.
.,-702,DEL,DEL,./.
.,982,INV,INV,./.
.,693,INV,INV,./.
.,-6070,DEL,DEL,./.
.,-3507,DEL,DEL,./.
.,264,DUP,DUP,./.
.,-1045,DEL,DEL,./.
.,7636,DUP,DUP,./.
.,-8659,DEL,DEL,./.
.,1214,INV,INV,./.
.,-1484,DEL,DEL,./.
.,-9779,DEL,DEL,./.
.,-3458,DEL,DEL,./.
.,2985,DUP,DUP,./.
.,-1569,DEL,DEL,./.
.,-2652,DEL,DEL,./.
.,-696,DEL,DEL,./.
.,-7769,DEL,DEL,./.
.,-1550,DEL,DEL,./.
.,4076,DUP,DUP,./.
.,-3626,DEL,DEL,./.
.,-1033,DEL,DEL,./.
.,-738,DEL,DEL,./.
.,7746,DUP,DUP,./.
.,4400,DUP,DUP,./.
.,-774,DEL,DEL,./.
.,-782,DEL,DEL,./.
.,-1086,DEL,DEL,./.
.,-1271,DEL,DEL,./.
.,-737,DEL,DEL,./.
.,-814,DEL,DEL,./.
.,-2087,DEL,DEL,./.
.,-897,DEL,DEL,./.
.,-3761,DEL,DEL,./.
.,-895,DEL,DEL,./.
.,-1651,DEL,DEL,./.
.,-5026,DEL,DEL,./.
.,-919,DEL,DEL,./.
.,-1336,DEL,DEL,./.
.,-968,DEL,DEL,./.
.,-3966,DEL,DEL,./.
.,1637,DUP,DUP,./.
.,374,INV,INV,./.
.,-886,DEL,DEL,./.
.,-969,DEL,DEL,./.
.,-819,DEL,DEL,./.
.,-5097,DEL,DEL,./.
.,-3898,DEL,DEL,./.
.,919,DUP,DUP,./.
.,1468,INV,INV,./.
.,434,DUP,DUP,./.
.,4017,INV,INV,./.
.,2969,INV,INV,./.
.,1227,DUP,DUP,./.
.,665,INV,INV,./.
.,-1102,DEL,DEL,./.
.,6725,DUP,DUP,./.
.,-1447,DEL,DEL,./.
.,4782,DUP,DUP,./.
.,9680,DUP,DUP,./.
.,4462,DUP,DUP,./.
.,-4410,DEL,DEL,./.
.,-1137,DEL,DEL,./.
.,-3120,DEL,DEL,./.
.,248,INV,INV,./.
.,-6049,DEL,DEL,./.
.,-4092,DEL,DEL,./.
.,-1082,DEL,DEL,./.
.,8789,INV,INV,./.
.,-5491,DEL,DEL,./.
.,504,INV,INV,./.
.,-3175,DEL,DEL,./.
.,-2286,DEL,DEL,./.
.,-6672,DEL,DEL,./.
.,-6004,DEL,DEL,./.
.,-2363,DEL,DEL,./.
.,-6098,DEL,DEL,./.
.,631,INV,INV,./.
.,-2839,DEL,DEL,./.
.,-6123,DEL,DEL,./.
.,-895,DEL,DEL,./.
.,419,DUP,DUP,./.
.,357,DUP,DUP,./.
.,-897,DEL,DEL,./.
.,-1086,DEL,DEL,./.
.,1046,DUP,DUP,./.
.,-786,DEL,DEL,./.
.,-2159,DEL,DEL,./.
.,-1223,DEL,DEL,./.
.,-1021,DEL,DEL,./.
.,8969,INV,INV,./.
.,-2820,DEL,DEL,./.
.,-6632,DEL,DEL,./.
.,-7828,DEL,DEL,./.
.,-1330,DEL,DEL,./.
.,-830,DEL,DEL,./.
.,-1291,DEL,DEL,./.
.,497,DUP,DUP,./.
.,-1175,DEL,DEL,./.
.,90,INV,INV,./.
.,8629,INV,INV,./.
.,7409,INV,INV,./.
.,-1215,DEL,DEL,./.
.,-1128,DEL,DEL,./.
.,1325,DUP,DUP,./.
.,-5307,DEL,DEL,./.
.,-1106,DEL,DEL,./.
.,250,INV,INV,./.
.,-2795,DEL,DEL,./.
.,-2563,DEL,DEL,./.
.,-1390,DEL,DEL,./.
.,-1968,DEL,DEL,./.
.,-5233,DEL,DEL,./.
.,-1116,DEL,DEL,./.
.,-2617,DEL,DEL,./.
.,-851,DEL,DEL,./.
.,-753,DEL,DEL,./.
.,-812,DEL,DEL,./.
.,672,DUP,DUP,./.
.,-6087,DEL,DEL,./.
.,6253,DUP,DUP,./.
.,-919,DEL,DEL,./.
.,710,INV,INV,./.
.,361,INV,INV,./.
.,-2566,DEL,DEL,./.
.,-1998,DEL,DEL,./.
.,-3061,DEL,DEL,./.
.,716,DUP,DUP,./.
.,-2696,DEL,DEL,./.
.,921,DUP,DUP,./.
.,-607,DEL,DEL,./.
.,-1818,DEL,DEL,./.
.,-1156,DEL,DEL,./.
.,-1395,DEL,DEL,./.
.,515,DUP,DUP,./.
.,755,DUP,DUP,./.
.,-3564,DEL,DEL,./.
.,-1097,DEL,DEL,./.
.,866,DUP,DUP,./.
.,-1193,DEL,DEL,./.
.,-2471,DEL,DEL,./.
.,-1131,DEL,DEL,./.
.,-4526,DEL,DEL,./.
.,-1927,DEL,DEL,./.
.,-2163,DEL,DEL,./.
.,-4760,DEL,DEL,./.
.,1340,INV,INV,./.
.,1103,INV,INV,./.
.,-1295,DEL,DEL,./.
.,6221,INV,INV,./.
.,-2188,DEL,DEL,./.
.,6381,DUP,DUP,./.
.,-6222,DEL,DEL,./.
.,-5254,DEL,DEL,./.
.,-3046,DEL,DEL,./.
.,2672,DUP,DUP,./.
.,3933,DUP,DUP,./.
.,-1015,DEL,DEL,./.
.,1112,DUP,DUP,./.
.,2696,DUP,DUP,./.
.,-2823,DEL,DEL,./.
.,-1253,DEL,DEL,./.
.,678,DUP,DUP,./.
.,-1228,DEL,DEL,./.
.,539,DUP,DUP,./.
.,-728,DEL,DEL,./.
.,-2387,DEL,DEL,./.
.,-2399,DEL,DEL,./.
.,-4752,DEL,DEL,./.
.,-2080,DEL,DEL,./.
.,-5258,DEL,DEL,./.
.,-2201,DEL,DEL,./.
.,-2568,DEL,DEL,./.
.,-2003,DEL,DEL,./.
.,741,INV,INV,./.
.,605,INV,INV,./.
.,3708,INV,INV,./.
.,-2987,DEL,DEL,./.
.,-2429,DEL,DEL,./.
.,-1554,DEL,DEL,./.
.,-2622,DEL,DEL,./.
.,-1671,DEL,DEL,./.
.,987,DUP,DUP,./.
.,-973,DEL,DEL,./.
.,2824,DUP,DUP,./.
.,3947,DUP,DUP,./.
.,-1745,DEL,DEL,./.
.,2367,DUP,DUP,./.
.,1185,DUP,DUP,./.
.,-1071,DEL,DEL,./.
.,9194,DUP,DUP,./.
.,478,DUP,DUP,./.
.,-8062,DEL,DEL,./.
.,-2727,DEL,DEL,./.
.,5843,DUP,DUP,./.
.,-5449,DEL,DEL,./.
.,-5991,DEL,DEL,./.
.,5639,DUP,DUP,./.
.,-6862,DEL,DEL,./.
.,-8042,DEL,DEL,./.
.,9991,DUP,DUP,./.
.,-5844,DEL,DEL,./.
.,5136,DUP,DUP,./.
.,-4085,DEL,DEL,./.
.,-2564,DEL,DEL,./.
.,2463,DUP,DUP,./.
.,2763,DUP,DUP,./.
.,-1988,DEL,DEL,./.
.,-924,DEL,DEL,./.
.,-4125,DEL,DEL,./.
.,4328,DUP,DUP,./.
.,3433,DUP,DUP,./.
.,1825,DUP,DUP,./.
.,-3727,DEL,DEL,./.
.,-4631,DEL,DEL,./.
.,-1452,DEL,DEL,./.
.,-1676,DEL,DEL,./.
.,6789,DUP,DUP,./.
.,-6566,DEL,DEL,./.
.,4931,DUP,DUP,./.
.,-4579,DEL,DEL,./.
.,2735,DUP,DUP,./.
.,-2505,DEL,DEL,./.
.,-1972,DEL,DEL,./.
.,-744,DEL,DEL,./.
.,-1011,DEL,DEL,./.
.,-2036,DEL,DEL,./.
.,-1620,DEL,DEL,./.
.,-2003,DEL,DEL,./.
.,-1013,DEL,DEL,./.
.,-6050,DEL,DEL,./.
.,-1270,DEL,DEL,./.
.,-1013,DEL,DEL,./.
.,-2518,DEL,DEL,./.
.,304,INV,INV,./.
.,-1470,DEL,DEL,./.
.,418,DUP,DUP,./.
.,-1605,DEL,DEL,./.
.,2606,DUP,DUP,./.
.,-3055,DEL,DEL,./.
.,-3883,DEL,DEL,./.
.,-1523,DEL,DEL,./.
.,-2731,DEL,DEL,./.
.,3014,DUP,DUP,./.
.,542,DUP,DUP,./.
.,-6249,DEL,DEL,./.
.,1895,DUP,DUP,./.
.,-542,DEL,DEL,./.
.,-3080,DEL,DEL,./.
.,-9168,DEL,DEL,./.
.,2520,DUP,DUP,./.
.,-1190,DEL,DEL,./.
.,5287,DUP,DUP,./.
.,5322,DUP,DUP,./.
.,6801,DUP,DUP,./.
.,-5641,DEL,DEL,./.
.,-1429,DEL,DEL,./.
.,1600,DUP,DUP,./.
.,6418,DUP,DUP,./.
.,3168,DUP,DUP,./.
.,6941,DUP,DUP,./.
.,-1970,DEL,DEL,./.
.,-5253,DEL,DEL,./.
.,6770,DUP,DUP,./.
.,4649,DUP,DUP,./.
.,1765,DUP,DUP,./.
.,9570,DUP,DUP,./.
.,9850,DUP,DUP,./.
.,8813,DUP,DUP,./.
.,2906,DUP,DUP,./.
.,-2113,DEL,DEL,./.
.,4080,DUP,DUP,./.
.,-2762,DEL,DEL,./.
.,5988,DUP,DUP,./.
.,-4591,DEL,DEL,./.
.,2058,DUP,DUP,./.
.,2763,DUP,DUP,./.
.,-4122,DEL,DEL,./.
.,4198,DUP,DUP,./.
.,-1251,DEL,DEL,./.
.,816,DUP,DUP,./.
.,2211,DUP,DUP,./.
.,-936,DEL,DEL,./.
.,1925,DUP,DUP,./.
.,5128,DUP,DUP,./.
.,8931,DUP,DUP,./.
.,-5738,DEL,DEL,./.
.,-3301,DEL,DEL,./.
.,-1471,DEL,DEL,./.
.,1720,DUP,DUP,./.
.,5427,DUP,DUP,./.
.,7314,DUP,DUP,./.
.,8819,DUP,DUP,./.
.,-7296,DEL,DEL,./.
.,-5572,DEL,DEL,./.
.,-8691,DEL,DEL,./.
.,-1585,DEL,DEL,./.
.,-4018,DEL,DEL,./.
.,-2581,DEL,DEL,./.
.,5894,DUP,DUP,./.
.,5231,DUP,DUP,./.
.,2566,DUP,DUP,./.
.,-2189,DEL,DEL,./.
.,-3347,DEL,DEL,./.
.,-7311,DEL,DEL,./.
.,6879,DUP,DUP,./.
.,3732,DUP,DUP,./.
.,-3767,DEL,DEL,./.
.,-2641,DEL,DEL,./.
.,-6071,DEL,DEL,./.
.,4503,DUP,DUP,./.
.,1339,DUP,DUP,./.
.,-1347,DEL,DEL,./.
.,-3059,DEL,DEL,./.
.,-2159,DEL,DEL,./.
.,1408,DUP,DUP,./.
.,2004,DUP,DUP,./.
.,9856,DUP,DUP,./.
.,3819,DUP,DUP,./.
.,-9336,DEL,DEL,./.
.,-428,DEL,DEL,./.
.,-2194,DEL,DEL,./.
.,-8363,DEL,DEL,./.
.,630,DUP,DUP,./.
.,9091,DUP,DUP,./.
.,1913,DUP,DUP,./.
.,-1010,DEL,DEL,./.
.,-6028,DEL,DEL,./.
.,1714,DUP,DUP,./.
.,2821,DUP,DUP,./.
.,-2416,DEL,DEL,./.
.,-4314,DEL,DEL,./.
.,1048,DUP,DUP,./.
.,3496,DUP,DUP,./.
.,6100,DUP,DUP,./.
.,2326,DUP,DUP,./.
.,6791,DUP,DUP,./.
.,-3068,DEL,DEL,./.
.,-878,DEL,DEL,./.
.,-4896,DEL,DEL,./.
.,-9944,DEL,DEL,./.
.,-8277,DEL,DEL,./.
.,-3835,DEL,DEL,./.
.,-1492,DEL,DEL,./.
.,2309,DUP,DUP,./.
.,1351,DUP,DUP,./.
.,2987,DUP,DUP,./.
.,-2322,DEL,DEL,./.
.,-1337,DEL,DEL,./.
.,604,DUP,DUP,./.
.,-4276,DEL,DEL,./.
.,-2503,DEL,DEL,./.
.,782,INV,INV,./.
.,-968,DEL,DEL,./.
.,-991,DEL,DEL,./.
.,216,INV,INV,./.
.,-5442,DEL,DEL,./.
.,-5002,DEL,DEL,./.
.,-1191,DEL,DEL,./.
.,-1225,DEL,DEL,./.
.,-3054,DEL,DEL,./.
.,-1019,DEL,DEL,./.
.,1230,DUP,DUP,./.
.,-1018,DEL,DEL,./.
.,-2525,DEL,DEL,./.
.,-1077,DEL,DEL,./.
.,-5281,DEL,DEL,./.
.,-963,DEL,DEL,./.
.,-912,DEL,DEL,./.
.,-2223,DEL,DEL,./.
.,-6093,DEL,DEL,./.
.,-2041,DEL,DEL,./.
.,1037,DUP,DUP,./.
.,6541,INV,INV,./.
.,-5578,DEL,DEL,./.
.,680,DUP,DUP,./.
.,1140,DUP,DUP,./.
.,755,DUP,DUP,./.
.,-2525,DEL,DEL,./.
.,2408,DUP,DUP,./.
.,-1794,DEL,DEL,./.
.,509,DUP,DUP,./.
.,-1102,DEL,DEL,./.
.,-884,DEL,DEL,./.
.,1432,DUP,DUP,./.
.,844,DUP,DUP,./.
.,777,DUP,DUP,./.
.,-1729,DEL,DEL,./.
.,-2433,DEL,DEL,./.
.,6965,INV,INV,./.
.,-8741,DEL,DEL,./.
.,-1665,DEL,DEL,./.
.,-1617,DEL,DEL,./.
.,-925,DEL,DEL,./.
.,-936,DEL,DEL,./.
.,-1320,DEL,DEL,./.
.,-1089,DEL,DEL,./.
.,-1401,DEL,DEL,./.
.,-1636,DEL,DEL,./.
.,-878,DEL,DEL,./.
.,-1478,DEL,DEL,./.
.,-5391,DEL,DEL,./.
.,-9135,DEL,DEL,./.
.,-5754,DEL,DEL,./.
.,-916,DEL,DEL,./.
.,-3871,DEL,DEL,./.
.,-1397,DEL,DEL,./.
.,-854,DEL,DEL,./.
.,-1836,DEL,DEL,./.
.,-6124,DEL,DEL,./.
.,-826,DEL,DEL,./.
.,-6166,DEL,DEL,./.
.,-3424,DEL,DEL,./.
.,-2105,DEL,DEL,./.
.,-958,DEL,DEL,./.
.,-606,DEL,DEL,./.
.,1752,DUP,DUP,./.
.,-813,DEL,DEL,./.
.,-9198,DEL,DEL,./.
.,-4086,DEL,DEL,./.
.,8407,DUP,DUP,./.
.,-7285,DEL,DEL,./.
.,-814,DEL,DEL,./.
.,1200,DUP,DUP,./.
.,-6805,DEL,DEL,./.
.,1657,DUP,DUP,./.
.,-1151,DEL,DEL,./.
.,4942,INV,INV,./.
.,872,DUP,DUP,./.
.,297,INV,INV,./.
.,3037,DUP,DUP,./.
.,-2745,DEL,DEL,./.
.,-1423,DEL,DEL,./.
.,-1830,DEL,DEL,./.
.,1278,DUP,DUP,./.
.,-1005,DEL,DEL,./.
.,-2999,DEL,DEL,./.
.,-6110,DEL,DEL,./.
.,-1022,DEL,DEL,./.
.,-2180,DEL,DEL,./.
.,-5685,DEL,DEL,./.
.,-6066,DEL,DEL,./.
.,206,INV,INV,./.
.,4394,INV,INV,./.
.,3193,DUP,DUP,./.
.,-3185,DEL,DEL,./.
.,3105,INV,INV,./.
.,823,INV,INV,./.
.,-1673,DEL,DEL,./.
.,703,INV,INV,./.
.,-3359,DEL,DEL,./.
.,-7011,DEL,DEL,./.
.,-1723,DEL,DEL,./.
.,72,INV,INV,./.
.,-2043,DEL,DEL,./.
.,-770,DEL,DEL,./.
.,2305,DUP,DUP,./.
.,-1790,DEL,DEL,./.
.,-687,DEL,DEL,./.
.,-1159,DEL,DEL,./.
.,-5739,DEL,DEL,./.
.,-756,DEL,DEL,./.
.,-5759,DEL,DEL,./.
.,-639,DEL,DEL,./.
.,-1507,DEL,DEL,./.
.,-845,DEL,DEL,./.
.,-6764,DEL,DEL,./.
.,-718,DEL,DEL,./.
.,-1848,DEL,DEL,./.
.,-947,DEL,DEL,./.
.,978,DUP,DUP,./.
.,1768,INV,INV,./.
.,482,DUP,DUP,./.
.,-1158,DEL,DEL,./.
.,-1111,DEL,DEL,./.
.,994,DUP,DUP,./.
.,-2348,DEL,DEL,./.
.,566,DUP,DUP,./.
.,1825,DUP,DUP,./.
.,-7625,DEL,DEL,./.
.,-1558,DEL,DEL,./.
.,-1322,DEL,DEL,./.
.,221,INV,INV,./.
.,-2754,DEL,DEL,./.
.,5909,DUP,DUP,./.
.,-5739,DEL,DEL,./.
.,-856,DEL,DEL,./.
.,-2090,DEL,DEL,./.
.,-6851,DEL,DEL,./.
.,478,DUP,DUP,./.
.,-2446,DEL,DEL,./.
.,-2900,DEL,DEL,./.
.,-1282,DEL,DEL,./.
.,291,INV,INV,./.
.,1404,DUP,DUP,./.
.,-1363,DEL,DEL,./.
.,-7062,DEL,DEL,./.
.,-1160,DEL,DEL,./.
.,-3192,DEL,DEL,./.
.,-2336,DEL,DEL,./.
.,-2362,DEL,DEL,./.
.,-2756,DEL,DEL,./.
.,959,INV,INV,./.
.,-2113,DEL,DEL,./.
.,-1415,DEL,DEL,./.
.,-1442,DEL,DEL,./.
.,7931,DUP,DUP,./.
.,-2903,DEL,DEL,./.
.,-1215,DEL,DEL,./.
.,-856,DEL,DEL,./.
.,1127,DUP,DUP,./.
.,1658,DUP,DUP,./.
.,1855,DUP,DUP,./.
.,-624,DEL,DEL,./.
.,-1147,DEL,DEL,./.
.,-1964,DEL,DEL,./.
.,-2736,DEL,DEL,./.
.,-2600,DEL,DEL,./.
.,505,DUP,DUP,./.
.,1233,INV,INV,./.
.,-6089,DEL,DEL,./.
.,676,DUP,DUP,./.
.,-1509,DEL,DEL,./.
.,-884,DEL,DEL,./.
.,-1100,DEL,DEL,./.
.,1466,DUP,DUP,./.
.,478,DUP,DUP,./.
.,-805,DEL,DEL,./.
.,-823,DEL,DEL,./.
.,1048,INV,INV,./.
.,-4898,DEL,DEL,./.
.,-2143,DEL,DEL,./.
.,780,DUP,DUP,./.
.,-6019,DEL,DEL,./.
.,-6176,DEL,DEL,./.
.,-789,DEL,DEL,./.
.,-2735,DEL,DEL,./.
.,-1449,DEL,DEL,./.
.,-2898,DEL,DEL,./.
.,-1314,DEL,DEL,./.
.,-520,DEL,DEL,./.
.,-1639,DEL,DEL,./.
.,-3293,DEL,DEL,./.
.,-2448,DEL,DEL,./.
.,-1084,DEL,DEL,./.
.,-829,DEL,DEL,./.
.,-896,DEL,DEL,./.
.,-1997,DEL,DEL,./.
.,-3320,DEL,DEL,./.
.,-3921,DEL,DEL,./.
.,-1485,DEL,DEL,./.
.,1702,DUP,DUP,./.
.,-6280,DEL,DEL,./.
.,268,INV,INV,./.
.,-3016,DEL,DEL,./.
.,2485,INV,INV,./.
.,1539,INV,INV,./.
.,376,DUP,DUP,./.
.,-2279,DEL,DEL,./.
.,-1024,DEL,DEL,./.
.,-997,DEL,DEL,./.
.,-779,DEL,DEL,./.
.,-1009,DEL,DEL,./.
.,2837,DUP,DUP,./.
.,5260,DUP,DUP,./.
.,-2697,DEL,DEL,./.
.,-3481,DEL,DEL,./.
.,-2315,DEL,DEL,./.
.,-832,DEL,DEL,./.
.,-873,DEL,DEL,./.
.,-1800,DEL,DEL,./.
.,-9365,DEL,DEL,./.
.,-4705,DEL,DEL,./.
.,-1805,DEL,DEL,./.
.,851,INV,INV,./.
.,674,INV,INV,./.
.,1643,INV,INV,./.
.,1290,INV,INV,./.
.,-1538,DEL,DEL,./.
.,-488,DEL,DEL,./.
.,-1943,DEL,DEL,./.
.,-1466,DEL,DEL,./.
.,-1099,DEL,DEL,./.
.,-3145,DEL,DEL,./.
.,1764,INV,INV,./.
.,1371,INV,INV,./.
.,-695,DEL,DEL,./.
.,654,DUP,DUP,./.
.,-8770,DEL,DEL,./.
.,-4221,DEL,DEL,./.
.,-770,DEL,DEL,./.
.,-5379,DEL,DEL,./.
.,-2017,DEL,DEL,./.
.,353,INV,INV,./.
.,-1134,DEL,DEL,./.
.,-1084,DEL,DEL,./.
.,-758,DEL,DEL,./.
.,-2388,DEL,DEL,./.
.,-816,DEL,DEL,./.
.,369,DUP,DUP,./.
.,8091,INV,INV,./.
.,-1955,DEL,DEL,./.
.,1114,DUP,DUP,./.
.,2951,DUP,DUP,./.
.,-8071,DEL,DEL,./.
.,-7241,DEL,DEL,./.
.,2737,DUP,DUP,./.
.,-3851,DEL,DEL,./.
.,1023,DUP,DUP,./.
.,-1786,DEL,DEL,./.
.,-1019,DEL,DEL,./.
.,-2082,DEL,DEL,./.
.,353,DUP,DUP,./.
.,-4093,DEL,DEL,./.
.,887,DUP,DUP,./.
.,-3247,DEL,DEL,./.
.,-6193,DEL,DEL,./.
.,-1784,DEL,DEL,./.
.,-891,DEL,DEL,./.
.,-2908,DEL,DEL,./.
.,373,DUP,DUP,./.
.,-5104,DEL,DEL,./.
.,-2108,DEL,DEL,./.
.,-6037,DEL,DEL,./.
.,-1484,DEL,DEL,./.
.,-1054,DEL,DEL,./.
.,-1056,DEL,DEL,./.
.,-1066,DEL,DEL,./.
.,-1189,DEL,DEL,./.
.,1723,DUP,DUP,./.
.,-6037,DEL,DEL,./.
.,-5831,DEL,DEL,./.
.,-1757,DEL,DEL,./.
.,-1853,DEL,DEL,./.
.,-3017,DEL,DEL,./.
.,893,DUP,DUP,./.
.,595,INV,INV,./.
.,361,INV,INV,./.
.,3421,DUP,DUP,./.
.,-2174,DEL,DEL,./.
.,-660,DEL,DEL,./.
.,-1433,DEL,DEL,./.
.,-1510,DEL,DEL,./.
.,3952,DUP,DUP,./.
.,-1345,DEL,DEL,./.
.,1323,DUP,DUP,./.
.,-2284,DEL,DEL,./.
.,1947,DUP,DUP,./.
.,857,DUP,DUP,./.
.,-5416,DEL,DEL,./.
.,-1939,DEL,DEL,./.
.,1434,DUP,DUP,./.
.,1909,DUP,DUP,./.
.,-1926,DEL,DEL,./.
.,-1711,DEL,DEL,./.
.,-477,DEL,DEL,./.
.,851,DUP,DUP,./.
.,675,DUP,DUP,./.
.,2240,DUP,DUP,./.
.,665,DUP,DUP,./.
.,-2995,DEL,DEL,./.
.,-1250,DEL,DEL,./.
.,-950,DEL,DEL,./.
.,-751,DEL,DEL,./.
.,-4026,DEL,DEL,./.
.,-3605,DEL,DEL,./.
.,3311,DUP,DUP,./.
.,-1003,DEL,DEL,./.
.,1012,DUP,DUP,./.
.,7457,DUP,DUP,./.
.,840,DUP,DUP,./.
.,-8154,DEL,DEL,./.
.,7392,DUP,DUP,./.
.,-877,DEL,DEL,./.
.,1189,DUP,DUP,./.
.,-4045,DEL,DEL,./.
.,-7324,DEL,DEL,./.
.,-5867,DEL,DEL,./.
.,-4249,DEL,DEL,./.
.,6121,DUP,DUP,./.
.,3404,DUP,DUP,./.
.,-8277,DEL,DEL,./.
.,7194,DUP,DUP,./.
.,-6028,DEL,DEL,./.
.,4738,DUP,DUP,./.
.,9092,DUP,DUP,./.
.,-9857,DEL,DEL,./.
.,875,DUP,DUP,./.
.,-1181,DEL,DEL,./.
.,468,DUP,DUP,./.
.,1824,DUP,DUP,./.
.,-5658,DEL,DEL,./.
.,7484,DUP,DUP,./.
.,-4164,DEL,DEL,./.
.,-2844,DEL,DEL,./.
.,-3692,DEL,DEL,./.
.,456,DUP,DUP,./.
.,-2387,DEL,DEL,./.
.,648,INV,INV,./.
.,465,INV,INV,./.
.,1089,INV,INV,./.
.,757,INV,INV,./.
.,8577,DUP,DUP,./.
.,-781,DEL,DEL,./.
.,-4894,DEL,DEL,./.
.,569,DUP,DUP,./.
.,1088,INV,INV,./.
.,710,DUP,DUP,./.
.,-974,DEL,DEL,./.
.,765,DUP,DUP,./.
.,-1007,DEL,DEL,./.
.,1320,DUP,DUP,./.
.,-912,DEL,DEL,./.
.,-1047,DEL,DEL,./.
.,-1859,DEL,DEL,./.
.,1486,DUP,DUP,./.
.,-3291,DEL,DEL,./.
.,-758,DEL,DEL,./.
.,-1356,DEL,DEL,./.
.,-1320,DEL,DEL,./.
.,-1295,DEL,DEL,./.
.,-746,DEL,DEL,./.
.,1169,INV,INV,./.
.,1183,DUP,DUP,./.
.,-1346,DEL,DEL,./.
.,-1557,DEL,DEL,./.
.,-6140,DEL,DEL,./.
.,-1645,DEL,DEL,./.
.,2980,INV,INV,./.
.,-887,DEL,DEL,./.
.,-1011,DEL,DEL,./.
.,-8276,DEL,DEL,./.
.,-1544,DEL,DEL,./.
.,2226,DUP,DUP,./.
.,3386,DUP,DUP,./.
.,-3097,DEL,DEL,./.
.,-2055,DEL,DEL,./.
.,1981,DUP,DUP,./.
.,2898,DUP,DUP,./.
.,-1214,DEL,DEL,./.
.,-3105,DEL,DEL,./.
.,-924,DEL,DEL,./.
.,-3147,DEL,DEL,./.
.,1263,INV,INV,./.
.,-818,DEL,DEL,./.
.,6588,DUP,DUP,./.
.,8025,DUP,DUP,./.
.,-1199,DEL,DEL,./.
.,1588,DUP,DUP,./.
.,-1418,DEL,DEL,./.
.,-3116,DEL,DEL,./.
.,-2103,DEL,DEL,./.
.,-944,DEL,DEL,./.
.,-6092,DEL,DEL,./.
.,2137,DUP,DUP,./.
.,-1096,DEL,DEL,./.
.,-3119,DEL,DEL,./.
.,349,DUP,DUP,./.
.,-901,DEL,DEL,./.
.,-896,DEL,DEL,./.
.,1110,DUP,DUP,./.
.,-921,DEL,DEL,./.
.,-1013,DEL,DEL,./.
.,-1348,DEL,DEL,./.
.,-1597,DEL,DEL,./.
.,-1324,DEL,DEL,./.
.,2022,INV,INV,./.
.,-1775,DEL,DEL,./.
.,-9882,DEL,DEL,./.
.,-1172,DEL,DEL,./.
.,-1641,DEL,DEL,./.
.,3313,DUP,DUP,./.
.,3639,DUP,DUP,./.
.,-971,DEL,DEL,./.
.,5190,DUP,DUP,./.
.,8935,INV,INV,./.
.,6754,DUP,DUP,./.
.,1443,DUP,DUP,./.
.,6976,INV,INV,./.
.,7851,INV,INV,./.
.,-4284,DEL,DEL,./.
.,-5614,DEL,DEL,./.
.,8534,INV,INV,./.
.,5654,DUP,DUP,./.
.,3779,DUP,DUP,./.
.,-4667,DEL,DEL,./.
.,-2374,DEL,DEL,./.
.,5254,INV,INV,./.
.,6144,INV,INV,./.
.,3246,DUP,DUP,./.
.,1294,DUP,DUP,./.
.,5042,INV,INV,./.
.,5196,INV,INV,./.
.,4163,INV,INV,./.
.,-1090,DEL,DEL,./.
.,2715,INV,INV,./.
.,997,DUP,DUP,./.
.,4098,INV,INV,./.
.,2846,INV,INV,./.
.,2793,INV,INV,./.
.,1784,INV,INV,./.
.,331,DUP,DUP,./.
.,-1216,DEL,DEL,./.
.,-1305,DEL,DEL,./.
.,-981,DEL,DEL,./.
.,-900,DEL,DEL,./.
.,9753,DUP,DUP,./.
.,-5378,DEL,DEL,./.
.,-3558,DEL,DEL,./.
.,-984,DEL,DEL,./.
.,-5368,DEL,DEL,./.
.,-3414,DEL,DEL,./.
.,-1429,DEL,DEL,./.
.,-3992,DEL,DEL,./.
.,-1981,DEL,DEL,./.
.,-1185,DEL,DEL,./.
.,-730,DEL,DEL,./.
.,-1221,DEL,DEL,./.
.,-3066,DEL,DEL,./.
.,-1248,DEL,DEL,./.
.,-735,DEL,DEL,./.
.,1198,DUP,DUP,./.
.,-2087,DEL,DEL,./.
.,1161,DUP,DUP,./.
.,-3148,DEL,DEL,./.
.,412,DUP,DUP,./.
.,-1264,DEL,DEL,./.
.,-599,DEL,DEL,./.
.,-828,DEL,DEL,./.
.,-1130,DEL,DEL,./.
.,-2429,DEL,DEL,./.
.,758,DUP,DUP,./.
.,732,DUP,DUP,./.
.,-997,DEL,DEL,./.
.,326,INV,INV,./.
.,2237,DUP,DUP,./.
.,459,DUP,DUP,./.
.,821,DUP,DUP,./.
.,-1904,DEL,DEL,./.
.,8997,DUP,DUP,./.
.,-6263,DEL,DEL,./.
.,3101,DUP,DUP,./.
.,8836,DUP,DUP,./.
.,-4023,DEL,DEL,./.
.,-1092,DEL,DEL,./.
.,-1789,DEL,DEL,./.
.,-3098,DEL,DEL,./.
.,-1090,DEL,DEL,./.
.,-5217,DEL,DEL,./.
.,-988,DEL,DEL,./.
.,-2501,DEL,DEL,./.
.,431,DUP,DUP,./.
.,-2144,DEL,DEL,./.
.,532,DUP,DUP,./.
.,-731,DEL,DEL,./.
.,-1001,DEL,DEL,./.
.,386,DUP,DUP,./.
.,6675,DUP,DUP,./.
.,2478,DUP,DUP,./.
.,4459,DUP,DUP,./.
.,-5599,DEL,DEL,./.
.,-1321,DEL,DEL,./.
.,-3687,DEL,DEL,./.
.,1469,DUP,DUP,./.
.,5617,DUP,DUP,./.
.,3725,DUP,DUP,./.
.,2851,DUP,DUP,./.
.,4453,DUP,DUP,./.
.,-3389,DEL,DEL,./.
.,-1270,DEL,DEL,./.
.,2838,DUP,DUP,./.
.,773,DUP,DUP,./.
.,-1856,DEL,DEL,./.
.,5183,DUP,DUP,./.
.,-4700,DEL,DEL,./.
.,428,DUP,DUP,./.
.,-5035,DEL,DEL,./.
.,965,DUP,DUP,./.
.,-634,DEL,DEL,./.
.,-681,DEL,DEL,./.
.,-1825,DEL,DEL,./.
.,-5975,DEL,DEL,./.
.,-4314,DEL,DEL,./.
.,-2189,DEL,DEL,./.
.,571,DUP,DUP,./.
.,319,DUP,DUP,./.
.,2799,INV,INV,./.
.,-4721,DEL,DEL,./.
.,-6320,DEL,DEL,./.
.,1123,DUP,DUP,./.
.,666,DUP,DUP,./.
.,-1090,DEL,DEL,./.
.,-956,DEL,DEL,./.
.,-1317,DEL,DEL,./.
.,-4621,DEL,DEL,./.
.,-1491,DEL,DEL,./.
.,629,DUP,DUP,./.
.,-1577,DEL,DEL,./.
.,-2602,DEL,DEL,./.
.,-1996,DEL,DEL,./.
.,-2766,DEL,DEL,./.
.,960,DUP,DUP,./.
.,-590,DEL,DEL,./.
.,1190,DUP,DUP,./.
.,-807,DEL,DEL,./.
.,9919,DUP,DUP,./.
.,-9216,DEL,DEL,./.
.,-3492,DEL,DEL,./.
.,-768,DEL,DEL,./.
.,-2032,DEL,DEL,./.
.,-3248,DEL,DEL,./.
.,-1893,DEL,DEL,./.
.,1012,INV,INV,./.
.,-6368,DEL,DEL,./.
.,617,DUP,DUP,./.
.,-2623,DEL,DEL,./.
.,-970,DEL,DEL,./.
.,199,INV,INV,./.
.,-6261,DEL,DEL,./.
.,-1172,DEL,DEL,./.
.,-5059,DEL,DEL,./.
.,631,DUP,DUP,./.
.,-1056,DEL,DEL,./.
.,-1910,DEL,DEL,./.
.,-3904,DEL,DEL,./.
.,-3309,DEL,DEL,./.
.,-732,DEL,DEL,./.
.,-1105,DEL,DEL,./.
.,-1205,DEL,DEL,./.
.,-2635,DEL,DEL,./.
.,537,DUP,DUP,./.
.,-3236,DEL,DEL,./.
.,551,DUP,DUP,./.
.,709,DUP,DUP,./.
.,-1005,DEL,DEL,./.
.,-5994,DEL,DEL,./.
.,451,DUP,DUP,./.
.,1064,DUP,DUP,./.
.,1074,DUP,DUP,./.
.,-900,DEL,DEL,./.
.,-817,DEL,DEL,./.
.,497,DUP,DUP,./.
.,-1213,DEL,DEL,./.
.,-1195,DEL,DEL,./.
.,-2762,DEL,DEL,./.
.,-1235,DEL,DEL,./.
.,-702,DEL,DEL,./.
.,-982,DEL,DEL,./.
.,-1553,DEL,DEL,./.
.,556,DUP,DUP,./.
.,-8666,DEL,DEL,./.
.,-585,DEL,DEL,./.
.,-915,DEL,DEL,./.
.,6690,DUP,DUP,./.
.,-6681,DEL,DEL,./.
.,3676,DUP,DUP,./.
.,-1727,DEL,DEL,./.
.,1808,DUP,DUP,./.
.,-1301,DEL,DEL,./.
.,-624,DEL,DEL,./.
.,1469,DUP,DUP,./.
.,-884,DEL,DEL,./.
.,-341,DEL,DEL,./.
.,-907,DEL,DEL,./.
.,-6446,DEL,DEL,./.
.,-2565,DEL,DEL,./.
.,3017,DUP,DUP,./.
.,-920,DEL,DEL,./.
.,1442,DUP,DUP,./.
.,3618,INV,INV,./.
.,1166,DUP,DUP,./.
.,-3895,DEL,DEL,./.
.,-927,DEL,DEL,./.
.,757,DUP,DUP,./.
.,-1141,DEL,DEL,./.
.,578,DUP,DUP,./.
.,-6024,DEL,DEL,./.
.,-4001,DEL,DEL,./.
.,4804,DUP,DUP,./.
.,-6809,DEL,DEL,./.
.,-8538,DEL,DEL,./.
.,-2956,DEL,DEL,./.
.,-1887,DEL,DEL,./.
.,1893,DUP,DUP,./.
.,-1367,DEL,DEL,./.
.,-1165,DEL,DEL,./.
.,-3077,DEL,DEL,./.
.,-1334,DEL,DEL,./.
.,711,DUP,DUP,./.
.,-2553,DEL,DEL,./.
.,-1282,DEL,DEL,./.
.,547,INV,INV,./.
.,1043,INV,INV,./.
.,431,DUP,DUP,./.
.,-1125,DEL,DEL,./.
.,-2933,DEL,DEL,./.
.,9249,INV,INV,./.
.,434,DUP,DUP,./.
.,1212,DUP,DUP,./.
.,-1831,DEL,DEL,./.
.,-1332,DEL,DEL,./.
.,-8759,DEL,DEL,./.
.,-2643,DEL,DEL,./.
.,638,DUP,DUP,./.
.,449,DUP,DUP,./.
.,-3235,DEL,DEL,./.
.,-1150,DEL,DEL,./.
.,-1921,DEL,DEL,./.
.,-2560,DEL,DEL,./.
.,-1717,DEL,DEL,./.
.,459,DUP,DUP,./.
.,-2302,DEL,DEL,./.
.,-926,DEL,DEL,./.
.,-2892,DEL,DEL,./.
.,-980,DEL,DEL,./.
.,-6350,DEL,DEL,./.
.,-741,DEL,DEL,./.
.,-4688,DEL,DEL,./.
.,-933,DEL,DEL,./.
.,-719,DEL,DEL,./.
.,-1088,DEL,DEL,./.
.,-1011,DEL,DEL,./.
.,1017,DUP,DUP,./.
.,310,DUP,DUP,./.
.,-824,DEL,DEL,./.
.,-1665,DEL,DEL,./.
.,683,DUP,DUP,./.
.,-1322,DEL,DEL,./.
